{
    "best_acc": 0.464,
    "mae": 1.807,
    "mse": 6.635,
    "rmse": 2.5758493744782514,
    "r2": -0.9689882130756842,
    "val_loss": 1.4382315874099731,
    "epoch": 2,
    "sharp_value": 0.0,
    "_timestamp": 1725614659,
    "_runtime": 24
}